post_number,month,week,publish_day,type,title,primary_keyword,secondary_keywords,linked_hire_pages,linked_projects,word_count_target,outline,author_suggestion,internal_links_count,cluster
1,1,1,Tuesday,Hire-cluster,"How to Hire a Senior React Developer in 2026: A 10-Step Framework",hire react developer 2026,"senior react developer hiring,react interview questions,how to vet react devs","/hire/react-developer,/hire/nextjs-developer,/hire/frontend-developer","/projects/lineleader,/projects/hilink-travel-platform",2000,"What 'senior' means in 2026 (RSC, performance, a11y), how to screen, take-home test design, red flags, hourly vs full-time vs project, contract templates",Rishab,5,React/Next.js
2,1,1,Thursday,AI,"How to Add AI to Your SaaS in 2026: A Practical Engineering Guide",add ai to saas,"ai integration saas,saas ai features,llm in production","/hire/ai-engineer,/hire/llm-developer,/hire/saas-developer","/projects/firmable,/projects/simpletalk-ai",2500,"Walk through 6 common AI surfaces (search, chat, summarization, generation, agents, classification) with real cost numbers, code structure, eval strategy, vendor choice. Practical not theoretical.",Rishab,6,AI/LLM
3,1,2,Tuesday,AI-Compare,"RAG vs Fine-Tuning in 2026: When to Use Which",rag vs fine tuning,"retrieval augmented generation,when to fine tune llm,custom ai model","/hire/ai-engineer,/hire/llm-developer,/hire/python-developer","/projects/convertbankstatement,/projects/firmable",2200,"Decision framework: RAG for facts, fine-tune for behavior. Cost comparison, latency comparison, eval strategy. Real example from Firmable / Convertbankstatement.",Rishab,5,AI/LLM
4,1,2,Thursday,Hire-cluster,"How to Hire a Senior Python Developer (Django, FastAPI, Async)",hire python developer,"senior python developer,fastapi developer,django developer hiring","/hire/python-developer,/hire/django-developer,/hire/fastapi-developer","/projects/firmable,/projects/aimusicservice",1800,"What you need vs what you think you need. Async vs sync trap. Pydantic v2 question. ORM depth-checking. Type-checking standards.",Munish,5,Python
5,1,3,Tuesday,AI,"MCP Servers Explained: What They Are and Why They Matter in 2026",mcp servers,"model context protocol,anthropic mcp,ai tool integration","/hire/ai-engineer,/hire/llm-developer","/projects/simpletalk-ai",2000,"What MCP is, why it exists, how it differs from function calling, real examples of building MCP servers, when to use vs when to skip.",Rishab,4,AI/LLM
6,1,3,Thursday,Cost,"How Much Does It Cost to Build a SaaS in 2026 (with Real Numbers)",cost to build saas,"saas development cost,build saas cost 2026,mvp saas cost","/hire/saas-developer,/hire/full-stack-developer,/hire/ai-engineer","/projects/lineleader,/projects/firmable",1500,"MVP / production / scale tiers. Cost drivers (auth, billing, multi-tenancy, AI features). 3 real-numbered examples. Hidden costs.",Munish,5,Pricing
7,1,4,Tuesday,Hire-cluster,"Hiring an AI Engineer Who Ships (Not Just Demos)",hire ai engineer,"senior ai engineer,production ai engineer,llm engineer hiring","/hire/ai-engineer,/hire/llm-developer,/hire/voice-ai-developer","/projects/firmable,/projects/simpletalk-ai",2200,"RAG vs fine-tune literacy, evals as table stakes, cost-awareness, MCP fluency, danger of demo engineers. 5 interview questions that filter.",Rishab,6,AI/LLM
8,1,4,Thursday,Case-study,"Inside Firmable: Building B2B Sales Intelligence with AI",firmable case study,"ai sales intelligence,b2b ai platform,buying signals ai","/hire/ai-engineer,/hire/python-developer,/hire/saas-developer","/projects/firmable",3000,"The brief, technical decisions (Python + AI/ML stack, WordPress+SaaS hybrid), what we'd do differently, real metrics, screenshots, and lessons.",Rishab,5,Case-study
9,2,1,Tuesday,AI-Compare,"Claude vs GPT-5 vs Gemini for Production in 2026: A Real-World Comparison",claude vs gpt vs gemini,"best llm for production,claude opus production,gpt-5 vs claude","/hire/ai-engineer,/hire/llm-developer","/projects/simpletalk-ai",2500,"Run the same 5 production tasks (RAG, code generation, structured output, tool use, long-context) across all three. Real costs, latencies, accuracy. When each wins.",Rishab,4,AI/LLM
10,2,1,Thursday,AI,"AI in E-commerce: 5 Use Cases That Actually Convert (and 3 That Don't)",ai in ecommerce,"ai shopping experience,ai recommendations ecommerce,llm shopify","/hire/ai-engineer,/hire/shopify-developer,/hire/woocommerce-developer","/projects/monster-fairings",1800,"Image visualization (like Monster Fairings), conversational shopping, smart search, fraud detection, dynamic pricing. What works, what fails. Cost ROI math.",Rishab,5,AI/E-commerce
11,2,2,Tuesday,Hire-cluster,"Hiring a Mobile App Developer in 2026: iOS, Android, RN, Flutter Compared",hire mobile app developer,"hire ios developer,hire android developer,native vs cross platform","/hire/mobile-app-developer,/hire/ios-developer,/hire/android-developer,/hire/react-native-developer,/hire/flutter-developer","/projects/adt-control-ios,/projects/medela-family-android",2000,"Decision tree: which platform for which problem. App Store launch readiness as a hiring signal. Native module expertise check. Real examples from our 14+ shipped mobile apps.",Munish,7,Mobile
12,2,2,Thursday,AI,"Building Voice AI Agents That Actually Work (Sub-Second Latency)",voice ai agents,"build voice agent,conversational ai,vapi twilio livekit","/hire/voice-ai-developer,/hire/ai-engineer","/projects/aimusicservice,/projects/simpletalk-ai",2400,"Stack walkthrough (STT + LLM + TTS), latency budget breakdown, interruption handling, telephony integration, compliance. Real examples.",Rishab,4,AI/Voice
13,2,3,Tuesday,Hire-cluster,"Hire an LLM Developer: Beyond Prompt Engineering",hire llm developer,"production llm developer,llm engineer skills,prompt engineering vs llm engineer","/hire/llm-developer,/hire/ai-engineer,/hire/python-developer","/projects/convertbankstatement",2000,"Eval-driven development, retrieval design, agent reliability, cost-at-scale, MCP integration. The 6 skills that separate prompt engineers from LLM engineers.",Rishab,5,AI/LLM
14,2,3,Thursday,Compare,"React Native vs Flutter for Your MVP in 2026",react native vs flutter,"flutter vs react native,cross platform mobile,mobile mvp framework","/hire/react-native-developer,/hire/flutter-developer,/hire/mobile-app-developer","/projects/adt-control-android",2200,"Team-driven choice, performance reality, native bridge complexity, ecosystem maturity, ship-it-tomorrow comparison. Recommended path by team size.",Munish,5,Mobile
15,2,4,Tuesday,AI,"Vector Databases Compared: pgvector vs Pinecone vs Qdrant vs Weaviate",vector database comparison,"pgvector vs pinecone,best vector db 2026,vector store production","/hire/ai-engineer,/hire/llm-developer,/hire/saas-developer","/projects/firmable",2200,"Cost per million vectors, query latency, hybrid search support, ops complexity. When to stay on Postgres pgvector vs go managed. 3 real workload benchmarks.",Rishab,4,AI/Database
16,2,4,Thursday,Case-study,"Inside Convertbankstatement: AI Document Processing in Production",ai document processing,"bank statement parser,document ai,ai pdf extraction","/hire/ai-engineer,/hire/python-developer,/hire/llm-developer","/projects/convertbankstatement",2800,"The challenge: scanned + digital + hybrid PDFs from hundreds of banks. Architecture, error rates, cost optimization. Build vs buy analysis.",Rishab,4,Case-study
17,3,1,Tuesday,AI-Compare,"AI Agent Frameworks Compared: LangGraph vs Vercel AI SDK vs Custom",ai agent frameworks,"langgraph vs vercel ai sdk,best ai agent framework,build ai agent","/hire/ai-engineer,/hire/llm-developer","/projects/firmable",2400,"Production-readiness matrix. Tool use, durable execution, observability, eval support. When custom orchestration wins. Real production scars.",Rishab,4,AI/Agents
18,3,1,Thursday,Hire-cluster,"Hire a Full Stack Developer for AI-Heavy Products",hire full stack developer ai,"full stack ai developer,ai application engineer,build ai product full stack","/hire/full-stack-developer,/hire/ai-engineer,/hire/typescript-developer","/projects/firmable,/projects/simpletalk-ai",1800,"Why pure backend or pure frontend doesn't work for AI products. Streaming UI patterns, eval surfaces, full-stack TypeScript with AI SDK. Hiring signals.",Rishab,5,Full-stack/AI
19,3,2,Tuesday,Cost,"Cost of Hiring Offshore AI Engineers vs US/EU (with Real Rates)",offshore ai engineer cost,"hire offshore ai engineer,india ai engineer rates,ai engineer hourly rate","/hire/ai-engineer,/hire/llm-developer,/hire/python-developer","",1500,"Rate comparison: US ($150-300/hr), EU (€100-200/hr), India ($30-80/hr). What you actually get for each. Quality vs cost tradeoff. The senior-junior trap.",Munish,4,Pricing
20,3,2,Thursday,AI,"Streaming UI for AI Apps: Why and How (Vercel AI SDK Patterns)",streaming ui ai,"ai sdk streaming,vercel ai sdk patterns,react server components ai","/hire/ai-engineer,/hire/react-developer,/hire/nextjs-developer","/projects/simpletalk-ai",2000,"Why streaming matters more than total latency, AI SDK streamText/streamObject patterns, RSC integration, optimistic UI for tool use. Code-heavy.",Rishab,5,AI/Frontend
21,3,3,Tuesday,Compare,"Postgres + pgvector vs Specialized Vector DBs for SaaS RAG",pgvector saas rag,"postgres rag,saas vector storage,pgvector production","/hire/saas-developer,/hire/ai-engineer,/hire/backend-developer","/projects/lineleader,/projects/firmable",2000,"When pgvector beats Pinecone (most cases), when it doesn't (>10M vectors). Multi-tenancy with row-level security. Real benchmarks.",Rishab,5,SaaS/AI
22,3,3,Thursday,Hire-cluster,"How to Hire a Senior TypeScript Developer (Strict Mode Matters)",hire typescript developer,"typescript senior developer,strict mode typescript,typescript hiring questions","/hire/typescript-developer,/hire/react-developer,/hire/nodejs-developer","",1500,"Strict mode philosophy, advanced types in production, tRPC + Drizzle case, refactor safety. 6 interview questions that work.",Munish,5,TypeScript
23,3,4,Tuesday,AI,"AI Code Review Tools in 2026: Should You Adopt One?",ai code review,"github copilot review,vercel agent code review,ai code review tools","/hire/devops-engineer,/hire/full-stack-developer,/hire/ai-engineer","",1700,"Tool comparison (Copilot, CodeRabbit, Vercel Agent, custom). Where they help (linting, security), where they fail (architecture). Adoption playbook.",Rishab,3,DevOps/AI
24,3,4,Thursday,Case-study,"Inside SimpleTalk AI: Voice Agents at Production Scale",simpletalk ai case study,"voice agent production,simpletalk case study,voice ai saas","/hire/voice-ai-developer,/hire/ai-engineer,/hire/saas-developer","/projects/simpletalk-ai",3200,"Architecture (Vapi/LiveKit + Claude + Cartesia), latency budget breakdown, telephony, billing model, what we changed in v2. Honest postmortem.",Rishab,4,Case-study
